index,class_name
0,0001_0000255
1,0001_0000262
2,0001_0000264
3,0001_0000265
4,0001_0000268
5,0001_0000274
6,0001_0000278
7,0001_0000281
8,0001_0000283
9,0001_0000284
10,0001_0000286
11,0001_0000292
12,0001_0000293
13,0001_0000297
14,0001_0000298
15,0001_0000299
16,0001_0000301
17,0001_0000303
18,0001_0000304
19,0001_0000305
20,0002_0000307
21,0002_0000308
22,0002_0000313
23,0002_0000324
24,0003_0000329
25,0003_0000339
26,0003_0000343
27,0003_0000344
28,0003_0000345
29,0003_0000347
30,0003_0000348
31,0003_0000353
32,0003_0000354
33,0003_0000356
34,0003_0000359
35,0003_0000360
36,0003_0000361
37,0003_0000362
38,0003_0000371
39,0003_0000372
40,0003_0000375
41,0003_0000386
42,0003_0000390
43,0003_0000392
44,0005_0000437
45,0005_0000439
46,0005_0000449
47,0005_0000450
48,0005_0000451
49,0005_0000452
50,0005_0000455
51,0005_0000463
52,0005_0000464
53,0005_0000475
54,0005_0000478
55,0005_0000486
56,0005_0000487
57,0005_0000497
58,0005_0000503
59,0005_0000509
60,0005_0000510
61,0005_0000512
62,0005_0000513
63,0005_0000516
64,0005_0000519
65,0005_0000525
66,0005_0000530
67,0005_0000532
68,0005_0000536
69,0005_0000537
70,0005_0000542
71,0006_0000546
72,0006_0000549
73,0006_0000550
74,0006_0000557
75,0006_0000558
76,0006_0000562
77,0006_0000563
78,0006_0000564
79,0006_0000565
80,0006_0000566
81,0006_0000567
82,0006_0000568
83,0006_0000570
84,0006_0000571
85,0006_0000575
86,0006_0000576
87,0006_0000577
88,0006_0000580
89,0006_0000582
90,0006_0000584
91,0006_0000588
92,0006_0000592
93,0006_0000595
94,0006_0000599
95,0006_0000600
96,0006_0000601
97,0006_0000602
98,0006_0000603
99,0006_0000606
100,0006_0000610
101,0006_0000613
102,0006_0000615
103,0006_0000619
104,0006_0000620
105,0006_0000621
106,0006_0000625
107,0006_0000626
108,0006_0000630
109,0006_0000631
110,0006_0000635
111,0006_0000636
112,0006_0000637
113,0007_0000643
114,0007_0000644
115,0007_0000645
116,0007_0000646
117,0007_0000647
118,0007_0000648
119,0007_0000649
120,0007_0000650
121,0007_0000655
122,0007_0000658
123,0007_0000660
124,0007_0000661
125,0007_0000662
126,0007_0000665
127,0007_0000666
128,0007_0000667
129,0007_0000671
130,0007_0000672
131,0007_0000674
132,0007_0000675
133,0007_0000676
134,0007_0000677
135,0007_0000678
136,0007_0000679
137,0007_0000682
138,0007_0000685
139,0007_0000686
140,0007_0000688
141,0007_0000689
142,0007_0000691
143,0007_0000692
144,0007_0000693
145,0007_0000694
146,0007_0000701
147,0007_0000703
148,0007_0000704
149,0007_0000705
150,0007_0000708
151,0007_0000710
152,0007_0000711
153,0007_0000712
154,0007_0000713
155,0007_0000717
156,0007_0000719
157,0007_0000720
158,0007_0000721
159,0007_0000723
160,0007_0000724
161,0007_0000725
162,0007_0000726
163,0007_0000727
164,0007_0000730
165,0007_0000731
166,0007_0000732
167,0007_0000733
168,0007_0000734
169,0007_0000735
170,0007_0000736
171,0007_0000737
172,0007_0000738
173,0007_0000741
174,0007_0000743
175,0007_0000744
176,0007_0000745
177,0007_0000746
178,0007_0000747
179,0007_0000748
180,0007_0000751
181,0007_0000752
182,0007_0000757
183,0007_0000758
184,0007_0000759
185,0007_0000760
186,0007_0000761
187,0007_0000762
188,0007_0000763
189,0007_0000764
190,0007_0000766
191,0007_0000771
192,0007_0000773
193,0007_0000774
194,0007_0000776
195,0007_0000777
196,0007_0000779
197,0007_0000780
198,0007_0000781
199,0007_0000783
200,0007_0000786
201,0007_0000787
202,0007_0000788
203,0007_0000789
204,0007_0000791
205,0007_0000792
206,0007_0000794
207,0007_0000795
208,0007_0000796
209,0007_0000799
210,0007_0000802
211,0007_0000803
212,0007_0000804
213,0007_0000805
214,0007_0000806
215,0007_0000807
216,0007_0000808
217,0007_0000809
218,0007_0000815
219,0007_0000816
220,0007_0000817
221,0007_0000819
222,0007_0000822
223,0007_0000823
224,0007_0000825
225,0007_0000826
226,0007_0000827
227,0007_0000833
228,0007_0000835
229,0007_0000836
230,0007_0000837
231,0007_0000838
232,0007_0000839
233,0007_0000840
234,0007_0000842
235,0007_0000843
236,0007_0000849
237,0007_0000851
238,0007_0000852
239,0007_0000853
240,0007_0000854
241,0007_0000855
242,0007_0000856
243,0007_0000857
244,0007_0000858
245,0007_0000863
246,0007_0000865
247,0007_0000866
248,0007_0000867
249,0007_0000868
250,0007_0000869
251,0007_0000871
252,0007_0000872
253,0007_0000873
254,0007_0000876
255,0007_0000878
256,0007_0000879
257,0007_0000880
258,0007_0000881
259,0007_0000882
260,0007_0000883
261,0007_0000884
262,0007_0000886
263,0007_0000889
264,0007_0000890
265,0007_0000893
266,0007_0000894
267,0007_0000895
268,0007_0000896
269,0007_0000898
270,0007_0000901
271,0007_0000906
272,0007_0000907
273,0007_0000908
274,0007_0000910
275,0007_0000912
276,0007_0000913
277,0007_0000916
278,0007_0000917
279,0007_0000921
280,0007_0000922
281,0007_0000923
282,0007_0000924
283,0007_0000925
284,0007_0000927
285,0007_0000928
286,0007_0000932
287,0007_0000935
288,0007_0000936
289,0007_0000937
290,0007_0000938
291,0007_0000939
292,0007_0000940
293,0007_0000941
294,0007_0000942
295,0007_0000943
296,0007_0000946
297,0007_0000948
298,0007_0000949
299,0007_0000951
300,0007_0000953
301,0007_0000955
302,0007_0000956
303,0007_0000959
304,0007_0000960
305,0007_0000963
306,0007_0000964
307,0007_0000965
308,0007_0000967
309,0007_0000968
310,0007_0000969
311,0007_0000970
312,0007_0000972
313,0007_0000974
314,0007_0000977
315,0007_0000978
316,0007_0000979
317,0007_0000980
318,0007_0000981
319,0007_0000982
320,0007_0000985
321,0007_0000986
322,0007_0000988
323,0007_0000993
324,0007_0000994
325,0007_0000996
326,0007_0000998
327,0007_0000999
328,0007_0001001
329,0007_0001004
330,0007_0001005
331,0007_0001006
332,0007_0001011
333,0007_0001012
334,0007_0001013
335,0007_0001014
336,0007_0001015
337,0007_0001017
338,0007_0001018
339,0007_0001019
340,0007_0001021
341,0007_0001028
342,0007_0001029
343,0007_0001031
344,0007_0001032
345,0007_0001033
346,0007_0001034
347,0007_0001035
348,0007_0001036
349,0007_0001039
350,0007_0001043
351,0007_0001045
352,0007_0001046
353,0007_0001048
354,0007_0001050
355,0007_0001051
356,0007_0001052
357,0007_0001053
358,0007_0001054
359,0007_0001059
360,0007_0001060
361,0007_0001061
362,0007_0001063
363,0007_0001064
364,0007_0001066
365,0007_0001068
366,0007_0001069
367,0007_0001070
368,0007_0001073
369,0007_0001075
370,0007_0001076
371,0007_0001077
372,0007_0001078
373,0007_0001079
374,0007_0001080
375,0007_0001082
376,0007_0001083
377,0007_0001086
378,0007_0001087
379,0007_0001088
380,0007_0001089
381,0007_0001091
382,0007_0001092
383,0007_0001093
384,0007_0001098
385,0007_0001100
386,0007_0001104
387,0007_0001105
388,0007_0001107
389,0007_0001108
390,0007_0001110
391,0007_0001111
392,0007_0001112
393,0007_0001113
394,0007_0001115
395,0007_0001118
396,0007_0001119
397,0007_0001121
398,0007_0001122
399,0007_0001123
400,0007_0001124
401,0007_0001125
402,0007_0001126
403,0007_0001127
404,0007_0001130
405,0007_0001131
406,0007_0001132
407,0007_0001134
408,0007_0001135
409,0007_0001136
410,0007_0001137
411,0007_0001138
412,0007_0001139
413,0007_0001143
414,0007_0001144
415,0007_0001145
416,0007_0001146
417,0007_0001149
418,0007_0001151
419,0007_0001152
420,0007_0001153
421,0007_0001154
422,0007_0001157
423,0007_0001158
424,0007_0001159
425,0007_0001160
426,0007_0001161
427,0007_0001162
428,0007_0001164
429,0007_0001165
430,0007_0001168
431,0007_0001169
432,0007_0001170
433,0007_0001171
434,0007_0001172
435,0007_0001173
436,0007_0001174
437,0007_0001175
438,0007_0001176
439,0007_0001179
440,0007_0001181
441,0007_0001182
442,0007_0001184
443,0007_0001185
444,0007_0001187
445,0007_0001188
446,0007_0001189
447,0007_0001193
448,0007_0001195
449,0007_0001196
450,0007_0001197
451,0007_0001200
452,0007_0001201
453,0007_0001204
454,0007_0001207
455,0007_0001211
456,0007_0001214
457,0007_0001215
458,0007_0001216
459,0007_0001218
460,0007_0001220
461,0007_0001221
462,0007_0001222
463,0007_0001223
464,0007_0001229
465,0007_0001230
466,0007_0001231
467,0007_0001233
468,0007_0001238
469,0007_0001239
470,0007_0001240
471,0007_0001241
472,0007_0001242
473,0007_0001246
474,0007_0001248
475,0007_0001249
476,0007_0001250
477,0007_0001252
478,0007_0001253
479,0007_0001254
480,0007_0001255
481,0007_0001256
482,0007_0001259
483,0007_0001260
484,0007_0001262
485,0007_0001264
486,0007_0001266
487,0007_0001267
488,0007_0001268
489,0007_0001269
490,0007_0001270
491,0007_0001275
492,0007_0001278
493,0007_0001279
494,0007_0001280
495,0007_0001281
496,0007_0001282
497,0007_0001283
498,0007_0001284
499,0007_0001285
500,0007_0001288
501,0007_0001289
502,0007_0001290
503,0007_0001291
504,0007_0001293
505,0007_0001296
506,0007_0001297
507,0007_0001298
508,0007_0001302
509,0007_0001303
510,0007_0001304
511,0007_0001305
512,0007_0001306
513,0007_0001307
514,0007_0001309
515,0007_0001310
516,0007_0001312
517,0007_0001315
518,0007_0001317
519,0007_0001318
520,0007_0001319
521,0007_0001320
522,0007_0001321
523,0007_0001322
524,0007_0001323
525,0007_0001324
526,0007_0001328
527,0007_0001329
528,0007_0001330
529,0007_0001331
530,0007_0001332
531,0007_0001333
532,0007_0001334
533,0007_0001337
534,0007_0001338
535,0007_0001342
536,0007_0001344
537,0007_0001345
538,0007_0001347
539,0007_0001348
540,0007_0001350
541,0007_0001351
542,0007_0001352
543,0007_0001353
544,0007_0001356
545,0007_0001357
546,0007_0001358
547,0007_0001360
548,0007_0001361
549,0007_0001363
550,0007_0001364
551,0007_0001367
552,0007_0001368
553,0007_0001374
554,0007_0001375
555,0007_0001376
556,0007_0001377
557,0007_0001378
558,0007_0001379
559,0007_0001380
560,0007_0001383
561,0007_0001385
562,0007_0001391
563,0007_0001392
564,0007_0001393
565,0007_0001394
566,0007_0001395
567,0007_0001396
568,0007_0001397
569,0007_0001399
570,0007_0001401
571,0007_0001405
572,0007_0001406
573,0007_0001407
574,0007_0001408
575,0007_0001409
576,0007_0001410
577,0007_0001412
578,0007_0001413
579,0007_0001415
580,0007_0001418
581,0007_0001419
582,0007_0001420
583,0007_0001421
584,0007_0001422
585,0007_0001423
586,0007_0001424
587,0007_0001425
588,0007_0001427
589,0007_0001432
590,0007_0001433
591,0007_0001434
592,0007_0001436
593,0007_0001437
594,0007_0001438
595,0007_0001441
596,0007_0001443
597,0007_0001444
598,0008_0001449
599,0008_0001461
600,0008_0001463
601,0008_0001469
602,0008_0001502
603,0008_0001503
604,0008_0001524
605,0009_0001530
606,0009_0001532
607,0009_0001543
608,0009_0001545
609,0009_0001549
610,0009_0001552
611,0009_0001558
612,0009_0001561
613,0009_0001569
614,0009_0001570
615,0009_0001578
616,0009_0001581
617,0009_0001587
618,0010_0001593
619,0010_0001595
620,0010_0001601
621,0010_0001605
622,0010_0001608
623,0010_0001613
624,0010_0001614
625,0010_0001619
626,0010_0001632
627,0010_0001633
628,0010_0001636
629,0010_0001638
630,0010_0001643
631,0012_0001655
632,0012_0001656
633,0012_0001660
634,0012_0001665
635,0012_0001673
636,0012_0001677
637,0012_0001680
638,0012_0001682
639,0012_0001685
640,0012_0001686
641,0012_0001687
642,0012_0001688
643,0012_0001691
644,0012_0001695
645,0012_0001696
646,0012_0001699
647,0012_0001700
648,0013_0001701
649,0013_0001703
650,0013_0001705
651,0013_0001706
652,0013_0001707
653,0013_0001709
654,0013_0001711
655,0013_0001713
656,0013_0001723
657,0013_0001724
658,0013_0001725
659,0013_0001726
660,0013_0001728
661,0013_0001730
662,0013_0001732
663,0013_0001734
664,0013_0001739
665,0013_0001741
666,0013_0001743
667,0013_0001744
668,0013_0001745
669,0013_0001749
670,0013_0001750
671,0013_0001751
672,0013_0001756
673,0013_0001759
674,0013_0001760
675,0013_0001761
676,0013_0001767
677,0013_0001768
678,0013_0001770
679,0013_0001771
680,0013_0001775
681,0013_0001776
682,0013_0001779
683,0013_0001781
684,0013_0001782
685,0013_0001783
686,0013_0001784
687,0013_0001785
688,0013_0001789
689,0013_0001791
690,0013_0001795
691,0013_0001796
692,0013_0001797
693,0013_0001799
694,0013_0001800
695,0013_0001802
696,0013_0001807
697,0013_0001809
698,0013_0001810
699,0013_0001812
700,0013_0001814
701,0013_0001815
702,0013_0001817
703,0013_0001818
704,0013_0001827
705,0013_0001829
706,0013_0001830
707,0013_0001831
708,0013_0001833
709,0013_0001834
710,0013_0001836
711,0013_0001840
712,0013_0001843
713,0013_0001847
714,0013_0001848
715,0013_0001849
716,0013_0001850
717,0013_0001851
718,0013_0001852
719,0013_0001855
720,0013_0001859
721,0013_0001866
722,0013_0001868
723,0013_0001869
724,0013_0001870
725,0013_0001871
726,0013_0001872
727,0013_0001873
728,0013_0001877
729,0013_0001880
730,0013_0001886
731,0013_0001888
732,0013_0001889
733,0013_0001890
734,0013_0001892
735,0013_0001896
736,0013_0001899
737,0013_0001901
738,0013_0001904
739,0013_0001914
740,0013_0001915
741,0013_0001916
742,0013_0001921
743,0013_0001922
744,0013_0001924
745,0013_0001926
746,0013_0001927
747,0013_0001928
748,0013_0001933
749,0013_0001934
750,0013_0001935
751,0013_0001941
752,0013_0001942
753,0013_0001947
754,0013_0001949
755,0013_0001950
756,0013_0001954
757,0013_0001966
758,0013_0001967
759,0013_0001968
760,0013_0001970
761,0013_0001972
762,0013_0001977
763,0013_0001979
764,0013_0001980
765,0013_0001981
766,0013_0001987
767,0013_0001991
768,0013_0001992
769,0013_0001993
770,0013_0001998
771,0013_0001999
772,0013_0002000
773,0013_0002001
774,0013_0002002
775,0013_0002010
776,0013_0002011
777,0013_0002014
778,0013_0002020
779,0013_0002021
780,0013_0002022
781,0013_0002023
782,0013_0002028
783,0013_0002030
784,0013_0002037
785,0013_0002038
786,0013_0002039
787,0013_0002040
788,0013_0002043
789,0013_0002044
790,0013_0002047
791,0013_0002048
792,0013_0002049
793,0013_0002054
794,0013_0002055
795,0013_0002057
796,0013_0002058
797,0013_0002061
798,0013_0002062
799,0013_0002063
800,0013_0002064
801,0013_0002065
802,0013_0002069
803,0013_0002071
804,0013_0002074
805,0013_0002076
806,0013_0002077
807,0013_0002081
808,0013_0002083
809,0013_0002084
810,0013_0002085
811,0013_0002089
812,0013_0002090
813,0013_0002091
814,0013_0002093
815,0013_0002095
816,0013_0002100
817,0013_0002101
818,0013_0002102
819,0013_0002106
820,0013_0002110
821,0013_0002112
822,0013_0002114
823,0013_0002116
824,0013_0002117
825,0013_0002120
826,0013_0002121
827,0013_0002122
828,0013_0002124
829,0013_0002134
830,0013_0002138
831,0013_0002141
832,0013_0002142
833,0013_0002143
834,0013_0002147
835,0013_0002149
836,0013_0002150
837,0013_0002151
838,0013_0002154
839,0013_0002155
840,0013_0002157
841,0013_0002158
842,0013_0002159
843,0013_0002164
844,0013_0002167
845,0013_0002168
846,0013_0002169
847,0013_0002174
848,0013_0002175
849,0013_0002176
850,0013_0002180
851,0013_0002183
852,0013_0002187
853,0013_0002188
854,0013_0002190
855,0013_0002192
856,0013_0002195
857,0013_0002196
858,0013_0002197
859,0013_0002200
860,0013_0002201
861,0013_0002202
862,0013_0002203
863,0013_0002205
864,0013_0002207
865,0013_0002211
866,0013_0002213
867,0013_0002214
868,0013_0002216
869,0013_0002218
870,0013_0002221
871,0013_0002225
872,0013_0002227
873,0013_0002229
874,0013_0002235
875,0013_0002238
876,0013_0002239
877,0013_0002240
878,0013_0002246
879,0013_0002247
880,0013_0002248
881,0013_0002249
882,0013_0002250
883,0013_0002260
884,0013_0002261
885,0013_0002264
886,0013_0002265
887,0013_0002267
888,0013_0002271
889,0013_0002272
890,0013_0002273
891,0013_0002274
892,0013_0002278
893,0013_0002279
894,0013_0002281
895,0013_0002284
896,0013_0002286
897,0013_0002287
898,0013_0002289
899,0013_0002290
900,0013_0002291
901,0013_0002294
902,0013_0002295
903,0013_0002296
904,0013_0002297
905,0013_0002298
906,0013_0002299
907,0013_0002301
908,0013_0002303
909,0013_0002304
910,0013_0002308
911,0013_0002309
912,0013_0002310
913,0013_0002313
914,0013_0002317
915,0013_0002318
916,0013_0002319
917,0013_0002321
918,0013_0002322
919,0013_0002330
920,0013_0002333
921,0013_0002334
922,0013_0002338
923,0013_0002339
924,0013_0002340
925,0013_0002343
926,0013_0002344
927,0013_0002345
928,0013_0002350
929,0013_0002352
930,0013_0002355
931,0013_0002356
932,0013_0002357
933,0013_0002358
934,0013_0002359
935,0013_0002360
936,0013_0002361
937,0013_0002366
938,0013_0002367
939,0013_0002368
940,0013_0002369
941,0013_0002370
942,0013_0002372
943,0013_0002376
944,0013_0002377
945,0013_0002378
946,0013_0002387
947,0013_0002389
948,0013_0002390
949,0013_0002392
950,0013_0002394
951,0013_0002395
952,0013_0002396
953,0013_0002397
954,0013_0002399
955,0013_0002404
956,0013_0002405
957,0013_0002411
958,0013_0002412
959,0013_0002413
960,0013_0002414
961,0013_0002416
962,0013_0002417
963,0013_0002419
964,0013_0002423
965,0013_0002424
966,0013_0002425
967,0013_0002428
968,0013_0002431
969,0013_0002432
970,0013_0002433
971,0013_0002437
972,0013_0002441
973,0013_0002446
974,0013_0002447
975,0013_0002449
976,0013_0002450
977,0013_0002451
978,0013_0002453
979,0013_0002458
980,0013_0002460
981,0013_0002461
982,0013_0002466
983,0013_0002468
984,0013_0002471
985,0013_0002475
986,0013_0002478
987,0013_0002480
988,0013_0002481
989,0013_0002482
990,0013_0002484
991,0013_0002493
992,0014_0002509
993,0014_0002510
994,0014_0002515
995,0014_0002525
996,0014_0002526
997,0014_0002529
998,0014_0002530
999,0014_0002535
1000,0014_0002536
1001,0014_0002540
1002,0014_0002560
1003,0014_0002569
1004,0014_0002570
1005,0014_0002571
1006,0014_0002585
1007,0014_0002593
1008,0014_0002594
1009,0014_0002600
1010,0014_0002614
1011,0014_0002623
